,author,sentence,pet,pos_tag,is_euph,replacement,category
14,bs,"if she winds up as her party's default nominee if biden pulls out late, democrats will have every reason to panic",late,RB,no,,
38,bs,""" some readers may be inclined to dismiss this as merely an indictment of a troubled son",troubled,JJ,yes,,
82,bs,"because of the delta variant's vigorous attack on even the relatively small number of unvaccinated vermonters, the state has experienced one of the biggest recent covid surges, with hospitalizations up by 24 percent in the past two weeks",experienced,VBN,no,,
128,bs,"the florida governor did, in fact, do well in the early months of the crisis, when he focused state resources on protecting the elderly, only to later preside over a gigantic spike in cases",elderly,JJ,yes,,
186,bs,""" of these, nearly two-thirds come from economically disadvantaged backgrounds, and many don't speak english at home",disadvantaged,VBN,yes,,
202,bs,it shouldn't be too late to reclaim these understandings again,late,JJ,no,,
219,bs,"in san francisco and los angeles, to homeless encampments and addicts",addicts,NNS,yes,,
222,bs,"like an addict who can't endure the agony of withdrawal, we could soon arrive at a moment when we will not be able to accept the price of taming inflation, and instead we'll be tempted to inflate our way out of our debts",addict,NN,yes,,
310,bs,"in the brooklyn neighborhood of east new york last month, wayne washington, 25, was killed after being shot multiple times in the chest, and a 19-year-old woman sustained a bullet injury in her torso",chest,NN,no,,
335,bs,"local shops are closing, neighborhoods are decaying, encampments of drug addicts have proliferated, and streets are befouled by human excrement -- a set of failures michael shellenberger calls in his thoroughly researched and convincing new book, ""san fransicko: why progressives ruin cities,"" ""the breakdown of civilization on america's west coast",addicts,NNS,yes,,
413,bs,"a typical example: the american medical association recently published its ""guide to language, narrative and concepts,"" which includes such recommendations as replacing the term ""disadvantaged"" with ""historically and intentionally excluded,"" ""social problem"" with ""social injustice,"" ""vulnerable"" with ""oppressed,"" and ""blacklist"" and ""blackmail"" with words that don't suggest an association between the word ""black"" and ""suspicion or disapproval",disadvantaged,VBN,yes,,
478,bs,"if you haven't followed the drip-drip-drip of revelations, late in 2019 michael e",late,RB,no,,
508,bs,"a world in which several combustible regions each have multiple nuclear powers in varying configurations of alliance and hostility is a recipe for miscalculation, accident and tragedy",accident,NN,yes,,
516,bs,"in july, the president dismissed price increases as ""expected, and expected to be temporary",dismissed,VBD,no,,
555,bs,"what he doesn't mention is that his admiration for the unflinching high-mindedness of a heschel or an aquinas somehow didn't stop him from becoming a late but enthusiastic convert to the cult of donald trump -- that is, of the hedonistic bully",late,JJ,no,,
582,cb,"he appealed on the grounds that the indictment was invalid: the jury had been drawn from a pool of registered voters, which, because the state constitution had disenfranchised most black voters by the time of his trial, was almost entirely white, and williams argued that this was a violation of his 14th amendment rights",invalid,JJ,no,,
701,cb,") in the late 1800s, opponents of progress had exercised a methodical, decades-long campaign to subjugate and oppress black people",late,JJ,no,,
768,cb,"i had not gone to fancy prep schools or ivy league colleges, but a small high school that had served black students since the late 1800s and to a historically black college, grambling state university, the closest university to my hometown",late,JJ,no,,
830,cb,"it doesn't matter whether or not the person that is accosting your son or daughter or my son or daughter -- my wife, your husband, my mother, your parents -- it doesn't matter whether or not they were deprived as a youth",deprived,VBN,yes,,
857,cb,"the question now is whether, at the 11th hour, his foray into the battle will prove to be too little too late",late,JJ,no,,
1095,cb,""" it was already too late for the president to have the influence on the debate that the office of the presidency affords",late,JJ,no,,
1159,cb,"but even if they succeed in passing both the infrastructure framework and the social spending bill, those investments may come too late to discharge growing dissatisfaction",late,JJ,no,,
1182,cb,"the son who was so upset by it, blake murphy, is now a lawyer in his late 20s who works for the national republican congressional committee",late,JJ,no,,
1335,cb,"but i never said the thing i thought i couldn't say: that parenthood was too much for me to do on my own, that it was consuming me, that i sometimes felt trapped in it, that it sometimes felt as if someone were sitting on my chest and i couldn't breathe",chest,NN,no,,
1348,cb,"when people saw me, when they experienced me, they may well have seen a free spirit, even a reckless one",experienced,VBD,no,,
1394,cb,""" maybe some people who feel privately broken as i did will read this, and they will realize that they are not alone and that it is not too late to change",late,JJ,no,,
1441,cb,"i settled on a purpose while writing the book: i had suffered -- from childhood sexual abuse and the questioning and shame in its wake -- because i hadn't had the language, skills and courage to better navigate what i had experienced",experienced,VBN,no,,
1450,cb,""" that is the future mark zuckerberg's troubled facebook is aiming toward as it renames itself meta",troubled,JJ,yes,,
1494,cb,i must say that i feel like an addict finally getting clean,addict,NN,yes,,
1576,cb,"i believe that i experienced the pandemic like many others: stunned and isolated, shocked by the sudden withdrawal of social life and social customs",experienced,VBD,no,,
1639,cb,"this week, one defense lawyer tried to get the civil rights icon jesse jackson kicked out of the courtroom, saying: the defense even called for a mistrial because of the presence of these preachers, but the judge dismissed the motion and called the defense's comments about black preachers ""reprehensible",dismissed,VBD,no,,
1697,cb,"he denied, diminished and dismissed them",dismissed,VBD,no,,
1768,cb,"as politico noted, he was far more outspoken as vice president, giving at least twice the number of interviews by his first october in office as he has while president, sometimes even visiting all three network morning shows in a single day",outspoken,JJ,,,
1814,db,for most of my life i've considered myself pro-choice because i didn't have any confidence that i knew when life began and didn't want to impose my views on others,pro-choice,JJ,,,
1849,db,"people are living longer, staying healthier longer and accomplishing things late in life that once seemed possible only at younger ages",late,RB,,,
1862,db,"classified as disabled dropped by a third between 1982 and 2005, while the share who were institutionalized fell nearly in half",disabled,JJ,,,
1906,db,"as a whole, americans seem to be aging more slowly than before",aging,VBG,yes,,
1931,db,"but while these improvements have made it more likely that people will live to be 65, after that, aging itself takes an inexorable toll",aging,VBG,yes,,
1947,db,"we may also need to address the underlying condition of aging itself, which is, after all, the primary risk factor for late-life decline",aging,VBG,yes,,
1982,db,"jay olshansky, a professor of epidemiology and biostatistics at the university of illinois chicago, has helped define aging as ""the accumulation of random damage to the building blocks of life -- especially to dna, certain proteins, carbohydrates and lipids (fats) -- that begins early in life and eventually exceeds the body's self-repair capabilities",aging,VBG,yes,,
2035,db,""" the question becomes, can we intervene to slow the aging process",aging,NN,yes,,
2059,db,"this week olshansky emailed me: ""while there are no documented interventions that have been proven safe and effective in slowing aging in humans today, we are on the verge of a breakthrough",aging,VBG,yes,,
2089,db,""" he describes a series of experimental interventions designed to slow biological processes that are part of aging",aging,VBG,yes,,
2116,db,"for example, as we age, we build up more and more ""senescent"" cells, which secrete inflammatory molecules that can effectively accelerate aging",aging,VBG,yes,,
2119,db,"""treating aging sounds like science fiction until you've heard about the latest developments in aging biology,"" steele writes",aging,VBG,yes,,
2133,db,"""treating aging sounds like science fiction until you've heard about the latest developments in aging biology,"" steele writes",aging,VBG,yes,,
2157,db,"he adds, ""the crucial moment comes if we can start developing and rolling out treatments for aging that mean life expectancy rises by one year per year",aging,VBG,yes,,
2173,db,""" an era of slow aging could present some real challenges",aging,NN,yes,,
2188,db,some people's self-image reflects the scorn they've experienced -- because it's very hard not to be affected by what people say about you,experienced,VBN,,,
2214,db,"when ""love me do"" was released in late 1962 with little support and low expectations from their label, a different kind of champion -- fans back in liverpool -- helped build up a wave of support for the song",late,JJ,no,,
2274,db,"the senate passed a covid relief measure 96 to 1 in early march 2020, another 90 to 8 in mid-march, another 96 to 0 in late march and another 92 to 6 in december",late,JJ,no,,
2307,db,""" when the senate advanced the roughly $1 trillion measure by a vote of 67 to 32, that was a sign that experienced politicians can, as biden suggested, make the system work",experienced,VBD,,,
2346,db,"at the end of every year, i pause from the rush of events to offer the sidney awards, which i created in honor of the late, great philosopher sidney hook",late,JJ,,,
2355,db,"we become attention addicts, in, as hayes puts it, ""pursuit through fame of a thing that fame cannot provide""-- genuine human connection",addicts,NNS,,,
2402,db,"west germany and japan endured widespread devastation during world war ii, yet in the years after the war both countries experienced miraculous economic growth",experienced,VBD,,,
2412,db,"for over a year, many experienced daily routines that were slower paced, more rooted, more domestic",experienced,VBD,,,
2426,db,"in late april, tom gimbel, who runs the recruiting and staffing firm lasalle network, told the times: ""it's the best job market i've seen in 25 years",late,JJ,,,
2544,db,"at least 27 percent of americans are estranged from a member of their own family, and research suggests about 40 percent of americans have experienced estrangement at some point",experienced,VBN,,,
2689,db,"""i think it's because when you've been deprived of dignity you put a high, high premium on it",deprived,VBN,,,
2704,db,"s back as late as the 70s were making 35, 40 times as much as the average employee",late,RB,,,
2744,db,"in my own seasons of suffering, i've been shocked at how emotional pain feels like searing physical pain in the stomach and chest, by how tempting it is to self-isolate and rob yourself of the very human contact you need most",chest,NN,,,
2788,db,"in ""man's search for meaning,"" frankl wrote that he would try to help them recognize that ""life was still expecting something from them; something in the future was expected of them",expecting,VBG,,,
2808,db,"one focuses on concrete benefits for the disadvantaged -- reparations, more diverse hiring, more equitable housing and economic policies",disadvantaged,NN,,,
2832,fb,"if anything, that grief has grown more intense of late",late,JJ,,,
2867,fb,"it was on garish display during a house hearing just over a week ago, when representative jim jordan, doing a fan dance for fox news, tore into fauci as a doomsday addict less intent on saving people's lives than on scrapping people's liberties",addict,NN,,,
2885,fb,and mcdonald's is late to the game,late,JJ,,,
2904,fb,"""road accident, broken bones, reconstructive surgeries, can no longer fully feel a kiss",accident,NN,,,
2928,fb,that's not because i'm sloppy or run late,late,RB,,,
2933,fb,"i approached him in late 2014 as i worked on a book about americans' obsession with admission to elite colleges like princeton, where, as it happened, i'd been a visiting professor that spring",late,JJ,,,
2972,fb,"""or is that too late",late,JJ,,,
2986,fb,"and the much-discussed ""trump bump"" that cable news channels and newspapers experienced in and right after 2016 faded over time",experienced,VBN,,,
3004,fb,"frank bruni will stop writing regular opinion columns in late june, but his popular weekly newsletter will live on",late,JJ,,,
3026,fb,a mar-a-lago member who recently attended a club gathering for a deceased friend was surprised when trump sauntered in to deliver remarks and then hung around,deceased,JJ,,,
3054,fb,""" i'm sure ""low energy"" jeb, as trump mockingly dismissed him, is suffused with paternal pride",dismissed,VBD,,,
3080,fb,"we notice that we're received best for certain perspectives; maybe television bookers put us on camera expecting particular bromides and broadsides; possibly we get paid for speaking engagements that are premised, at least tacitly, on our delivery of the same fare we've served before",expecting,VBG,,,
3137,fb,"i know i did when i wrote, in august 2019, about the tenacity of hate and i asserted that americans who still opposed same-sex marriage ""cannot bear the likes of me"" and other gay people",same-sex,JJ,,,
3157,fb,too many columns are less sober analyses than snarky stand-up acts or primal screams,sober,JJ,,,
3169,fb,what he'd experienced and observed in his life to that point convinced him that the odds were stacked against him and that he was in danger,experienced,VBN,,,
3208,fb,"three witnesses actually did call the police on the police, but it was too late",late,JJ,,,
3214,fb,"""pro-life"" and ""pro-choice"" are ideologically stacked labels, with currency for that reason",pro-choice,JJ,,,
3232,fb,"""gay marriage"" and ""same-sex marriage"" morphed into ""marriage equality"" among many of its supporters, who wanted to make clear that they weren't proposing some special or separate right but addressing an injustice",same-sex,JJ,,,
3285,fb,or if a new democratic majority is a slim one made possible by purple-state lawmakers wary of aggressive legislation,slim,JJ,,,
3318,fb,"he cedes the frame and the moment entirely to americans themselves -- to black americans, white americans, native americans, disabled americans, young americans, old americans -- and to the landscapes in the lyrics of the song",disabled,JJ,,,
3375,fb,"the new humility means that he and his aides aren't trying to monopolize the headlines by turbocharging chatter about who might get which cabinet positions but instead sending signals that this is a process, and a sober one at that",sober,JJ,,,
3475,fb,"frank bruni will stop writing regular opinion columns in late june, but his popular weekly newsletter will live on",late,JJ,,,
3522,fb,"""he's, like, 6-2, which is why i don't understand why his hands are the size of someone who's 5-2,"" rubio told voters at a campaign rally in late february that year",late,JJ,,,
3532,fb,"on fox news recently, he dismissed trump's upcoming senate trial as ""stupid,"" seemingly daring hawley, cruz and cotton to top his disdain and his adjective",dismissed,VBD,,,
3566,fb,"michael tomasky wrote an excellent column in the times late last year about the way in which republicans, who have long branded themselves the party of ""freedom,"" now use the word and its variants in selective, wrongheaded and destructive ways that wind up endorsing recklessness more than liberty",late,RB,,,
3629,fb,"i can see how -- in another, saner country at another, saner time -- they might be dismissed as the gratuitous props of a party staging political theater, which is what republicans accuse democrats of doing",dismissed,VBN,,,
3697,fb,"the best response that i read to that was, as it happens, in the times, by my colleague talmon joseph smith, who didn't wring his hands and beat his chest and overwork his thesaurus for synonyms for ""shameful,"" ""abomination"" and such",chest,NN,,,
3721,fb,#NAME?,same-sex,JJ,,,
3733,fb,"not by accident, they made an uncharacteristically prominent appearance in donald trump's first big speech after his exile from the white house, when he and other disappointed republicans were regrouping and trying to figure out the path forward",accident,NN,,,
3803,fb,"""joe biden and the democrats are even pushing policies that would destroy women's sports,"" he told an audience at the conservative political action conference in florida in late february",late,JJ,,,
3858,fb,"in the times late last week, lisa friedman described such efforts within the environmental protection agency",late,JJ,,,
3878,fb,"but i keep thinking about the late 1990s, bill clinton, that whole melodrama and how republicans used it in the service of a particular identity for their party",late,JJ,,,
3903,fb,"they experienced us as arrogant, but also as special",experienced,VBD,,,
3915,fb,it's no accident that he never beckoned donald trump to campaign with him,accident,NN,,,
4034,fb,"frank bruni will stop writing regular opinion columns in late june, but his popular weekly newsletter will live on",late,JJ,,,
4046,fb,"i experienced them as thrilling vacations from my parents, whose love was necessarily mingled with judgment",experienced,VBD,,,
4107,fm,"for instance, see how keating's headline on the death of supreme court justice antonin scalia -- ""death of hard-line jurist throws regime into chaos"" -- neatly underlined the quaint capriciousness of a political system in which one unelected judge's sudden demise can call into question fundamental rights across the land",demise,NN,,,
4161,fm,"although the trial came to a conclusion on monday, its true climax was late last week, when gonzalez rogers -- who is not expected to render her verdict for months, peppered cook with a series of pointed queries about apple's golden-goose business model",late,JJ,,,
4220,fm,"on the campaign trail, joe biden declined to ""demonize"" the wealthy and told rich donors that ""nothing would fundamentally change"" for their standard of living -- a promise he has kept",wealthy,NN,,,
4253,fm,"the biden white house has proposed tax increases on the wealthy, but the president has remained far from a tax on accumulated wealth or other efforts to snip the wings of the extremely wealthy",wealthy,NN,,,
4277,fm,"the biden white house has proposed tax increases on the wealthy, but the president has remained far from a tax on accumulated wealth or other efforts to snip the wings of the extremely wealthy",wealthy,JJ,,,
4288,fm,because that's how i've come to think of late summer and fall here nowadays,late,JJ,,,
4320,fm,"in the san francisco bay area, where i live, the air has so far remained short of noxious, but nobody i know is expecting it to remain that way",expecting,VBG,,,
4341,fm,"it can be hard to know you're in a drought until it's too late to do much about it; then, when the rains come back, it can be just as difficult to believe the water will ever run out again, so why worry about the next dry spell",late,JJ,,,
4386,fm,"between 2012 and 2016, california experienced the most severe drought in a millennium",experienced,VBD,,,
4470,fm,"elder has denied datig's claim and rejected his opponents' counsel; late last week, he shook up his campaign staff",late,RB,,,
4517,fm,"republicans in the senate had balked at the climate plan, especially its effort to raise taxes on the wealthy to pay for many of its investments",wealthy,JJ,,,
4525,fm,late last week president biden achieved something i'd thought impossible: he got me to feel bad for mark zuckerberg,late,RB,,,
4559,fm,"as was evident in the country's bloodless handover from racist rule, troubled as it has been, there was a fundamental social stability undergirding south african society that i believed would hold",troubled,VBD,,,
4593,fm,"thanks to mass vaccination, it's beginning to feel like morning in wealthy parts of the world, notwithstanding the social and political dislocations the virus has created in the united states",wealthy,JJ,,,
4624,fm,"if the billions of people in the world's middle- and low-income countries continue to feel hopelessly locked out of any chance at liberation from the virus, what will happen as the world is transformed by climate change",low-income,JJ,,,
4666,fm,"but as ahmed pointed out, in the case of covid-19, what the wealthy world owes the developing world is not any kind of mystery",wealthy,JJ,,,
4697,fm,"recently i've been hooked on facebook's oculus quest 2, the light, portable virtual-reality headset released late last year",late,RB,,,
4703,fm,it is no accident that facebook has been telling lawmakers that it welcomes reforms to section 230 -- while smaller sites like etsy and tripadvisor are nervous about the possibility,accident,NN,,,
4732,fm,"and in late 1961, when doctors in europe began to link the drug to a wave of birth deformities, kelsey's diligence was validated",late,JJ,,,
4765,fm,"), the ""sexting"" scare of the late 2000s, and the widely exaggerated fear, in the 1990s, that urban gangs posed a terrible threat to public safety",late,JJ,,,
4793,fm,rittenhouse shot huber in the chest,chest,NN,,,
4846,fm,"but mine is a troubled love, a guilty love, a love whose implications confuse and alarm me",troubled,JJ,,,
4899,fm,"the internet didn't start the fire, but it's undeniable that it has fostered a sour and fragmented global polity -- an atmosphere of pervasive mistrust, corroding institutions and a collective retreat into the comforting bosom of confirmation bias",bosom,NN,,,
4903,fm,"late last month, the census bureau released the first results from its 2020 count, and the numbers confirmed what demographers have been warning of for years: the united states is undergoing ""demographic stagnation,"" transitioning from a relatively fast-growing country of young people to a slow-growing, older nation",late,RB,,,
4968,fm,"the nation will cross the 400-million population mark sometime in the late 2050s, but by then we'll be quite long in the tooth -- about half of americans will be over 45, and one fifth will be older than 85",late,JJ,,,
5025,fm,"for instance, experts predict a major shortage of health care workers, especially home care workers, who will be needed to help the aging nation",aging,VBG,,,
5064,fm,i also believe that the united states' founding idea of universal equality will never be fully realized until we recognize that people outside our borders are as worthy of our ideals as those here through an accident of birth,accident,NN,,,
5101,fm,""" weeks, the author of ""the problem with work,"" is among a handful of scholars who have been pushing for a wholesale reappraisal of the role that work plays in wealthy societies",wealthy,JJ,,,
5138,fm,"in the united states, the biden administration's huge social policy legislation -- now stalled in congress -- was also conceived in part as a way to address the kind of problems working people experienced during the pandemic",experienced,VBD,,,
5147,gc,"mild, like a mellow aging uncle who might own a very nippy german shepherd",aging,VBG,,,
5199,gc,"besides fixing up 20,000 miles of roads, he wants to do everything from electrifying the yellow school bus fleets to getting rid of lead pipes that taint the water supply to a $400 billion commitment to helping the elderly and disabled",disabled,VBD,,,
5209,gc,"in the end, that infrastructure week was a bust for highways and trains and such",bust,NN,,,
5223,gc,"""young and middle-aged and even some elderly",elderly,JJ,,,
5229,gc,"of course, some are elderly fans who were standing in line waiting for it",elderly,JJ,,,
5254,gc,just because an employee doesn't slap you when you run your hand over her chest doesn't mean she enjoyed it,chest,NN,,,
5276,gc,"but six of the victims were of asian descent, and the country's been troubled lately by violence against asian-americans",troubled,VBN,,,
5298,gc,"""restoring the right of vulnerable, law-abiding women to carry a handgun in texas is pro-life,"" tweeted state representative matt schaefer, the lead author of the new law",pro-life,JJ,,,
5369,gc,"right now we've got those primaries, and it truly is a hell of a lot of work to weed through eight democrats with very similar views on a whole lot of issues",weed,VB,,,
5435,gc,"""we were expecting to do well in new york and now, we'll lose four seats and the old broken-down crow, mitch mcconnell, sits back and does nothing to help the party,"" complained donald trump, managing to blame someone who has as much to do with redistricting in new york as brad pitt",expecting,VBG,,,
5499,gc,"on the plus side, in this troubled age of mega-decibel ideological shrieking, it's kinda soothing to see everybody behaving like the sneaky, pragmatic back-room pols of yore",troubled,JJ,,,
5526,gc,"""everyone's expecting that's where the bad guys are going to gravitate,"" said murray",expecting,VBG,,,
5550,gc,"""that's making it harder for the most low-income folks,"" said dr",low-income,JJ,,,
5568,gc,"if you want candidates to be responsive to ordinary voters rather than wealthy special-interest donors, there's got to be some way to wring cash out of normal, nonrich americans",wealthy,JJ,,,
5591,gc,"he died an alcoholic, a project he was already working on long before he hit the white house",alcoholic,NN,,,
5627,gc,""" people, does this sound like a mayor who would help the city look on the bright side during troubled times",troubled,JJ,,,
5642,jb,"a qualified nominee, in other words, is not necessarily a judicially experienced nominee",experienced,JJ,,,
5653,jb,political considerations abounded in the nomination battles of the late 19th century,late,JJ,,,
5676,jb,"and in the same way that he refused to act on his own infection -- until it was almost too late -- he also refused to act to stem a pandemic that, at the time of his positive test, had killed more than 200,000 americans",late,JJ,,,
5724,jb,"and the final clause of article 5 of the constitution -- ""no state, without its consent, shall be deprived of its equal suffrage in the senate"" -- is an insurmountable obstacle to ending the distortions caused by equal state representation in that chamber",deprived,VBN,,,
5758,jb,""" dahl, who was then in his late 80s, did not think that constitutional change of any kind was on the horizon",late,JJ,,,
5788,jb,"anxious to retain power in washington, republicans took every opportunity to pin the late rebellion on their democratic opponents, north and south",late,JJ,,,
5824,jb,even the most sober version of this critique makes it sound as if the democratic party is in the grip of its most left-wing officials and constituents,sober,JJ,,,
5903,jb,") among many other things, the legal aid justice center helps low-income charlottesville residents receive health care and public benefits, advocates for immigrants at work and in the courts, and fights to improve access to affordable housing in the area",low-income,JJ,,,
5992,jb,"to say that you don't want to foster an ""entitlement"" mentality among america's able-bodied adults is to make a statement about the proper order of things, as you understand them",able-bodied,JJ,,,
6090,jb,""" he is not speaking about different parties; he's speaking about the mass of the poor, working and indigent against the owners of property and wealth",indigent,NN,,,
6116,jb,"no, democrats won't get everything out of congress that they want; their majorities are too slim and their coalition is too fractious",slim,JJ,,,
6157,jb,"however much republican politicians denounce ""woke capital"" or emphasize their growing number of working-class supporters, the fact remains that the republican party's economic agenda -- of tax cuts for the wealthy and impunity for employers -- is organized for the benefit of capital, from wealthy shareholders and wall street asset managers to the billionaire owners of glorified family firms",wealthy,NN,,,
6172,jb,"however much republican politicians denounce ""woke capital"" or emphasize their growing number of working-class supporters, the fact remains that the republican party's economic agenda -- of tax cuts for the wealthy and impunity for employers -- is organized for the benefit of capital, from wealthy shareholders and wall street asset managers to the billionaire owners of glorified family firms",wealthy,JJ,,,
6192,jb,audiences hated it and critics dismissed it,dismissed,VBD,,,
6199,jb,"for as much as critics dismissed the film as expensive trash, there is an idea here: that fear and paranoia can dissolve the bonds of friendship, camaraderie and citizenship",dismissed,VBD,,,
6244,jb,"every incentive driving the republican party, from fox news to the former president, points away from sober engagement with the realities of american politics and toward the outrageous, the antisocial and the authoritarian",sober,JJ,,,
6286,jb,"not the legal discipline that deals with the distance between formal and actual equality but the idea, spread by right-wing activists and their wealthy supporters, that public schools are teaching a racist ideology of guilt and anti-white sentiment",wealthy,JJ,,,
6331,je,"yet, according to a survey published in 2008 of 1,013 adults aged 20 and older, 35 percent of women and 20 percent of men said they were troubled by facial acne in their 30s",troubled,VBN,,,
6341,je,"the women often experienced problems with depression, anxiety and social isolation",experienced,VBD,,,
6384,je,"if a-fib is confirmed, your doctor may try to shock the heart back into a normal rhythm using a procedure called electrical cardioversion, in which an electrical current is applied to the chest using paddles",chest,NN,,,
6388,je,"being overweight and, for many, excessive consumption of salt lead the list, followed by inconsistent use of medically prescribed remedies and a failure to adopt lifestyle measures that can reduce elevated blood pressure",overweight,JJ,,,
6444,je,even a modest weight loss of 10 pounds can both reduce the risk of developing hypertension and lower blood pressure in overweight people who already have this condition,overweight,JJ,,,
6481,je,"that would be distressing, to be sure, but neither you nor your doctor would likely be surprised by the severity of your injury given the nature of the accident",accident,NN,,,
6516,je,"yet, there is now mounting evidence that for women past menopause and men in their medicare years, a broken bone from any kind of trauma -- whether it's severe (car accident) or not (fall on the sidewalk) -- fragile bones are likely the culprit",accident,NN,,,
6537,je,"no matter how the accident occurred, current evidence indicates, when an older person breaks a bone, further evaluation of that person's overall bone health and advice on how to maintain it should follow as an integral part of treatment",accident,NN,,,
6585,je,"among the women whose first fracture followed a traumatic accident, like falling off a ladder, the risk of a second fracture was 25 percent greater than would have been expected based on women who had no initial fracture",accident,NN,,,
6645,je,""" men also face an often ignored risk of second fractures, especially because their first fractures are more likely to result from a traumatic event like a car accident and are not recognized as a harbinger of future fractures, dr",accident,NN,,,
6675,je,a growing cadre of physicians are combating what they call an over-diagnosis of this condition in the elderly,elderly,JJ,,,
6699,je,"this, in fact, is exactly what happened to a friend's mother who was told she had kidney disease in her late 70s",late,JJ,,,
6729,je,"the findings suggest that the diagnostic guidelines for chronic kidney disease needs yet another refinement that would significantly ""reduce the burden of kidney disease"" in the elderly, dr",elderly,JJ,,,
6759,je,"some groups believe strongly that everything possible should be done to avoid kidney failure down the road, no matter how unlikely it may be in an elderly person",elderly,JJ,,,
6787,je,"however, they emphasized, a medical examiner should certify all other causes, including deaths related to hip fracture which could have resulted from an accident, and deaths related to a history of malicious injury that could be a homicide",accident,NN,,,
6825,je,"""it's hard to know when they're not attributable to stress, depression or anxiety or the result of normal aging",aging,VBG,,,
6845,je,"probably the most publicized factor known to increase the risk of early dementia is repeated head injuries like those experienced by professional boxers, football and soccer players, and sometimes by military veterans",experienced,VBN,,,
6864,je,"a study of 1,204 elderly korean men and women initially evaluated for depression and anxiety found that two years later, these emotional disorders increased their risk of physical disorders and disability",elderly,JJ,,,
6898,je,"grisolia, citing a covid-19 baby bust and the fact that in less than a year the pandemic spread throughout the world, suggested that a more timely mantra might be to sing the chorus to ""it's a small world (after all)",bust,NN,,,
6942,je,"i had gifted an elderly aunt an $8,000 pair years ago and they sat in a drawer unused",elderly,JJ,,,
6999,je,"kahn said, in younger adults, follow-up tests and medical advice should be based on the extent of patients' cardiovascular risk, including whether they have any symptoms of heart disease, like shortness of breath when climbing stairs or chest pain when exerting themselves",chest,JJS,,,
7004,je,"late last year, pharmacies reported an unprecedented run on antacids by people described as having a ""pandemic stomach,"" leaving those with serious ailments that required such products often out of luck",late,RB,,,
7047,je,"common symptoms include a burning feeling in the chest, a sensation of a lump in the throat, belching and bloating, and regurgitation into the mouth of highly acidic, partially digested food from the stomach",chest,NN,,,
7109,je,"foods that many people with gerd find most irritating include tomatoes and citrus (like oranges and grapefruit) and their juices, coffee (even decaf for some people), alcoholic and carbonated beverages, spicy foods, garlic, chocolate and peppermint",alcoholic,JJ,,,
7145,je,"to counter an occasional unexpected attack of heartburn, many people use a quick-acting antacid like tums (calcium carbonate) to help neutralize stomach acid",neutralize,VB,,,
7186,je,one clinical trial involving 102 patients found that those who engaged in vigorous physical activity three to five days a week experienced reduced physical and psychological symptoms,experienced,VBN,,,
7197,je,"instead of pushing out the chest as the lungs fill with air, the diaphragm is pushed down toward the stomach, causing the belly to rise",chest,NN,,,
7233,je,"highway safety experts have long been concerned about a possible epidemic of accidents and fatalities as people in their 70s, 80s and beyond continued to drive",fatalities,NNS,,,
7267,je,"the children of older drivers have worried along with them, sometimes going to extremes to commandeer the keys of their aging parents when reasoning fails to get them off the road",aging,NN,,,
7305,je,a recent study by the insurance institute for highway safety found that drivers aged 70 and older were less likely to be involved in a fatal car accident than those 35 to 54,accident,NN,,,
7345,je,"for example, the insurance institute reported, when stop signs or traffic signals were replaced by roundabouts at intersections, overall crashes dropped 37 percent, injury crashes by 75 percent, and fatalities by 90 percent",fatalities,NNS,,,
7357,je,"still, there's no question that an aging mind and body can compromise driving safety",aging,VBG,,,
7387,je,"aronson wrote in the new england journal of medicine in an essay aptly titled, ""don't ruin my life -- aging and driving in the 21st century",aging,VBG,,,
7406,je,"in an ongoing study, she and colleagues are placing cameras in aging drivers' cars to record their unsafe missteps, like failing to check mirrors before changing lanes, not stopping soon enough or fumbling with a coffee cup",aging,VBG,,,
7447,je,"by that time, the cancer had spread and it was too late to operate",late,JJ,,,
7457,je,"a cure is almost always a lucky accident, when the cancer is detected at an early, symptom-free stage during an unrelated abdominal scan or surgery and the tumor can be surgically removed",accident,NN,,,
7506,je,"being obese, gaining excess weight as an adult and carrying extra weight around the waist, even if not otherwise very overweight, also increase one's risk",overweight,JJ,,,
7528,je,"that may be why type 2 diabetes, which is most often related to being overweight, is an important risk factor as well",overweight,JJ,,,
7545,je,"fifteen years earlier, a similar study among elderly veterans in taiwan who used a potassium-enriched salt reduced cardiovascular mortality by 41 percent in less than three years",elderly,JJ,,,
7574,je,"this is especially true for children living in economically disadvantaged communities, who unlike their peers in wealthier communities often lack access to quality health care and resources",disadvantaged,JJ,,,
7654,je,such challenges may be especially acute for those living in low-income urban centers or rural areas,low-income,JJ,,,
7675,je,"many high school students are also now facing significant health issues, especially if they experienced crippling depression or anxiety related to pandemic-induced disruptions in their lives",experienced,VBD,,,
7710,je,working parents who lacked child care options or had to help young children with online schoolwork during the day may have resorted to late night or early morning hours to get their own work done with minimal interruptions,late,VB,,,
7817,je,"sleep deprivation was a factor in some of the biggest environmental disasters in recent decades, including the 1979 nuclear accident at three mile island, the 1986 nuclear meltdown at chernobyl and the 1989 exxon valdez oil spill in alaska",accident,NN,,,
7861,je,"baxley, the mother of five children, told me that upon returning to school after the pandemic lockdown, many young people experienced an increase in depression and social anxiety that can be counteracted by prosocial behavior",experienced,VBD,,,
7883,je,"you may be distressed to see an elderly person struggling with heavy packages, but unless you offer to help or at least express a wish to help but explain why you can't, your compassion goes to waste",elderly,JJ,,,
7921,je,"among the study participants who experienced ischemia during one or both tests, this adverse reaction to mental stress took a significantly greater toll on the hearts and lives of the patients than did physical stress",experienced,VBD,,,
7957,je,"it found that patients who experienced a high level of psychological stress during the year before they entered the study were more than twice as likely to suffer a heart attack during an average follow-up of five years, even when traditional risk factors were taken into account",experienced,VBD,,,
8010,je,not that i expect to do anything to hasten my demise,demise,NN,,,
8024,je,but i'm also now taking stock of the many common hallmarks of aging and deciding what i need to reconsider,aging,VBG,,,
8057,je,"petrow, who is also a columnist but is nearly two decades younger than i, began thinking ahead after watching the missteps of his aging parents, like waiting too long to get hearing aids",aging,VBG,,,
8072,je,the secret to successful aging is to recognize one's issues and adapt accordingly,aging,NN,,,
8110,je,"like many other cars now on the market, the subaru has several protective bells and whistles that compensate for the declining senses and slower reactions that accompany aging",aging,VBG,,,
8112,je,my late husband called our house an air raid shelter that could sustain us for a year,late,JJ,,,
8136,je,"he told me i reminded him of an elderly woman he knew who kept pieces of string ""too small to use",elderly,JJ,yes,,
8166,je,"but what if one of the presurgical tests your doctor orders -- for example, a chest x-ray or cardiac stress test -- turns up something unexpected, like a suspicious nodule or a mild heart abnormality",chest,JJ,no,,
8189,je,"but a chest x-ray, ordered because he had a history of mild asthma, suggested he had a nodule on a lung",chest,JJ,no,,
8232,je,"rubin could not explain, patients without risk factors who were given a cardiac stress test had double the surgical complication rate experienced by comparable patients who did not have one",experienced,VBN,no,,
8250,je,"all were part of the baltimore longitudinal study of aging, and had vision and cognition tests every one to four years between 2003 and 2019",aging,VBG,,,
8298,jm,"when affirmative action was put into practice around a half-century ago, with legalized segregation so recent, it was reasonable to think of being black as a shorthand for being disadvantaged, whatever a black person's socioeconomic status was",disadvantaged,VBN,,,
8327,jm,"i think a mature america is now in a position to extend the moral sophistication of affirmative action to disadvantaged people of all races or ethnicities, especially since, as a whole, black america would still benefit substantially",disadvantaged,JJ,,,
8470,jm,i've experienced two of them lately,experienced,VBN,,,
8478,jm,"only in the late 19th century did the custom settle in, as ordinary among western music patrons, that one sit politely through pieces of considerable length that didn't occasionally, and deliberately, dazzle audiences with virtuoso feats",late,JJ,,,
8538,jm,"there was once a sorry tradition among white critics of condemning any black music beyond the hot or bluesy as inauthentic, expecting black composers and lyricists to stay in their supposedly prescribed place",expecting,VBG,,,
8648,jm,"black english even has a future perfect of disapproval: ""i'll be done left if she tries getting here late again",late,RB,,,
8659,jm,i have been especially excited about the project of late because of a couple of major finds that are getting us ever closer to having all the songs and more,late,JJ,,,
8714,jm,jesse jackson in the late 1980s,late,JJ,,,
8910,jm,"a most interesting recent paper in the proceedings of the national academy of sciences -- examining what its authors describe as ""the surge of post-truth political argumentation"" -- proposes that of late, english speakers and writers are more given to using intuition than reason",late,JJ,,,
8966,jm,"it's probably no accident that using this kind of ""like"" took off in the 1980s, just as the overall change the authors of our paper note did",accident,NN,,,
9018,jm,"do you believe that it's mission-critical for doctors to describe people in particular danger of contracting certain diseases not as ""vulnerable (or disadvantaged)"" but as ""oppressed (or made vulnerable or disenfranchised)""",disadvantaged,VBN,,,
9052,jm,"or, based on the same sociopolitical perspective, what is the utility of replacing the statement, ""low-income people have the highest level of coronary artery disease in the united states"" with ""equity-focused language that acknowledges root causes"" like ""people underpaid and forced into poverty as a result of banking policies, real estate developers gentrifying neighborhoods, and corporations weakening the power of labor movements, among others, have the highest level of coronary artery disease in the united states""",low-income,JJ,,,
9131,jm,"project follow through, a huge investigation in the late 1960s led by education scholar siegfried englemann, taught 75,000 children via the phonics-based direct instruction method from kindergarten through third grade at 10 sites nationwide",late,JJ,,,
9256,jm,"but the change to terms like ""intellectually disabled"" exemplifies the euphemism treadmill i referred to in an earlier piece: ""crippled"" becomes ""handicapped"" becomes ""differently abled,"" and each new term tends to take on the old connotations",disabled,JJ,,,
9336,jm,"but i hear from an experienced conductor that several orchestras have turned down his requests to perform or record it with them, out of wariness of the word ""negro"" in its title",experienced,JJ,,,
9465,jm,""" taking in the metropolitan opera's fine production a few days ago, i experienced the opera for the first time as an imperious touchstone rather than as a fascinating question",experienced,VBD,,,
9500,jm,"in her public persona -- in songs, interviews and her memorable turn as catwoman in the campy late 1960s ""batman"" series -- her signature became a vocal style splitting the difference between eleanor roosevelt and edith piaf",late,RB,,,
9524,jm,"in the late 1980s and early 1990s there was an explosion in black film where black english was woven throughout the dialogue, from spike lee's early work to john singleton's ""boyz n the hood",late,JJ,,,
9720,jm,"to wit: ""you and me know"" is not illogical and thus not a sign of sloppy thinking any more than saying ""i'm late, aren't i",late,JJ,,,
9736,jm,""" is illogical because you would never say ""i are late",late,JJ,,,
9742,jm,"when i became a musicals addict in the '80s, i noticed that there was a type of 50-something fan who had never taken to sondheim's music; they stopped roughly at ""fiddler on the roof,"" ""mame"" and ""pippin",addict,NN,,,
9883,jm,"""woke"" has also followed a trajectory similar to that of the phrase ""politically correct,"" which carried a similar meaning by the late 1980s and early 1990s: ""politically correct,"" unsurprisingly, went from describing a way of seeing the world to describing the people who saw the world that way to describing the way other people felt about the people who saw the world that way",late,JJ,,,
9936,jm,a gallup survey conducted in late 2018 found that 61 percent of americans generally favored race-based affirmative action,late,JJ,,,
9960,mc,"one of her predecessors, john nance garner, once colorfully dismissed the job as ""not worth a bucket of warm piss",dismissed,VBN,,,
10005,mc,"with americans living longer and aging baby boomers flooding the system, the financial strain is becoming unsustainable",aging,VBG,,,
10026,mc,"with the risk of open-ended claim costs largely neutralized, insurers could provide better, more affordable policies",neutralized,JJ,,,
10069,mc,"nursing homes stands at more than 133,000, accounting for more than 1 in 5 of the nation's pandemic fatalities",fatalities,NNS,,,
10101,mc,"experts cheer the effort as crucial to addressing the challenges of america's fast-graying population, a trend fueled by better medical care, longer life spans and a flood of aging baby boomers",aging,VBG,,,
10116,mc,"as the name suggests, they take a highly medicalized approach to aging, and, by design, are reminiscent of hospitals",aging,VBG,,,
10142,mc,"on the other side are long-haulers needing custodial care, mostly seniors and the severely disabled",disabled,JJ,,,
10168,mc,"among the more interesting reform possibilities being discussed is a shift toward smaller, more self-contained, unconventional facilities that reflect the evolving attitude toward aging",aging,VBG,,,
10171,mc,""" of late, ms",late,JJ,,,
10176,mc,trump as expecting too much groveling,expecting,VBG,,,
10190,mc,"""for months now, trump's been playing the aging silent film star norma desmond in 'sunset boulevard' to desantis's younger, prettier betty schaefer,"" she wrote in her column wednesday, which closed with this punch to the throat: ""give voters a populist conservative who's not a con man and a liar and they'll be 'republicans' again",aging,VBG,,,
10256,mc,"so, too, was an effort to neutralize the toxic politics of the trump era -- which, among other damage, spawned a large reality-free zone in which the bulk of republicans buy the lie that the 2020 presidential election was stolen",neutralize,VB,,,
10295,mc,"both bills have experienced multiple near-death experiences, and many, many americans were beginning to doubt whether democrats had what it takes to get anything done",experienced,VBN,,,
10319,mc,"late into the night, there were arms being twisted, egos being stroked and deals being cut",late,RB,,,
10362,mc,"""we can't have a strong economy when we have millions of other people dropping out of the work force to take care of elderly loved ones",elderly,JJ,,,
10378,mc,"over the next decade, the demand for these workers will balloon as aging baby boomers require more, and more advanced, care",aging,VBG,,,
10398,mc,"the house passed its version of the bill in late september, and lawmakers from both parties have been frustrated with the senate majority leader, chuck schumer, over delays in his chamber",late,JJ,,,
10439,mc,biden's call to invest $400 billion in community-based and in-home care for older and disabled people,disabled,JJ,,,
10457,mc,"for decades, experts have been warning that increased life expectancy, falling birthrates and the aging of the huge baby boomer generation were on track to create a rolling demographic disaster: more seniors needing more care, with fewer younger people around to provide it",aging,NN,,,
10497,mc,"tens of millions of americans provide unpaid care to aging family members, often at enormous cost to the caregivers' economic, mental and physical well-being",aging,VBG,,,
10523,mc,"the house dissolved its permanent select committee on aging more than a quarter-century ago, largely as a cost-cutting measure",aging,VBG,,,
10544,mc,most people don't talk about or plan for aging and death,aging,VBG,,,
10580,mc,tending to aging relatives is simply seen as what good sons and daughters do,aging,VBG,,,
10602,mc,"they also contend that because the caregivers are so often low-income women of color, the work itself is undervalued",low-income,JJ,,,
10616,mc,""" but with an aging nation putting growing strain on the system, policymakers might want to spend less time fretting over how to classify the issue than addressing it",aging,VBG,,,
10648,mc,"the illinois lawmaker has been an outspoken trump critic, voting for impeachment this year and serving on the jan",outspoken,JJ,,,
10747,mc,warning that he was the target of russian disinformation -- which he said he dismissed because it was too vague and he suspected it of being a political ploy,dismissed,VBD,,,
10774,mc,greg abbott of texas has been going through a bumpy stretch of late,late,JJ,,,
10786,mc,"is reportedly looking into whether he inappropriately did favors for a wealthy political donor who hired a woman with whom the attorney general, who is married, was said to have had an affair",wealthy,JJ,,,
10812,mc,his fund-raising late last year was looking pitiful until his election suit,late,RB,,,
10829,mc,"in some cases, they can be dismissed as lies -- mr",dismissed,VBN,,,
10837,mc,"party leaders announced late last week that they had worked out a revenue ""framework,"" but their troops seemed to have no clue what they were talking about",late,RB,,,
10888,md,""" earth to donald: after five years of stoking fear and hurting dreams, it's a little late",late,JJ,,,
10894,md,"he told me about his late grandmother in durham, n",late,JJ,,,
10923,md,"when andre would see me getting ready to go out in a wrinkled cocktail dress, he would fold his arms over his chest and order me to go change, or risk looking like ""a roadshow rita hayworth",chest,NN,,,
10956,md,""" as his friend diane von furstenberg told me, when vreeland's eyesight failed her late in life, andre went to that famous red apartment and read to her",late,JJ,,,
11033,md,"mirabile dictu: a president and senator who are both pushing 80, men who were underestimated and dismissed for years in democratic circles, are now teaming up to transform the country",dismissed,VBN,,,
11052,md,"he spoke of his late son, beau, his ""north star,"" who was deployed to iraq",late,JJ,,,
11131,md,"republicans, once the outspoken defenders of law enforcement, deserted the capitol en masse on a day of appreciation for the bravery of the police, dead and alive, who risked their lives holding back the horde, hellbent on shredding democracy, as well as lawmakers, if they could get their hands on them",outspoken,JJ,,,
11189,md,it may be too late for negotiating incremental change,late,JJ,,,
11234,md,"unfortunately for us, we won't know the answers until it is too late",late,JJ,,,
11265,md,""" when she was called to harlem hospital, she said, ""walking up those steps, seeing everybody staring at me, was the scariest moment i've experienced",experienced,VBN,,,
11280,md,"if she's here to fight for corporate power and lower taxes for the wealthy and get more money for pharma executives, be on the level and say it",wealthy,NN,,,
11353,md,"the book, ineffably sad and beautifully written, tears the tabloid face off the story about an american family that has experienced the highest of highs and the lowest of lows",experienced,VBN,,,
11384,md,", learning how to cook crack in his chateau marmont bungalow, he still manages to write letters addressed to his late brother, telling him how much he would have loved california",late,JJ,,,
11428,md,"edward house serving as a de facto chief diplomat for woodrow wilson, negotiating the world war i armistice and the doomed treaty of versailles, until edith wilson came along and dismissed him as ""a perfect jellyfish",dismissed,VBD,,,
11438,md,"""by the late 1960s,"" ginsberg writes, ""f",late,JJ,,,
11493,md,""" the heart-rending police testimony was dismissed by most republicans and fox news as ""political theater",dismissed,VBN,,,
11514,md,"as the times's katie benner reported friday, as late as dec",late,RB,,,
11522,md,"(bush senior later publicly dismissed them as ""iron ass"" cheney and ""arrogant"" rumsfeld",dismissed,VBN,,,
11549,md,"washington -- ordinarily staid and silent supreme court justices have become whirling dervishes of late, spinning madly to rebut the idea that americans are beginning to regard the court as a dangerous cabal of partisan hacks",late,JJ,,,
11586,md,"justices should not be on the court for 30 years, or into their late 80s",late,JJ,,,
11631,mg,"it's possible that the justices could gut roe without overturning it outright, but after they let texas' abortion bounty law stand, at least for the time being, i'm expecting the worst",expecting,VBG,,,
11653,mg,""" as the journalist azmat khan wrote on twitter, ""many young people in rural battlefields have never experienced life without war, without u",experienced,VBN,,,
11754,mg,"in an aging country with a low birthrate, they were a useful addition to the work force",aging,JJ,,,
11799,mg,"for example, the guide suggests replacing ""vulnerable"" with ""oppressed,"" even though they're not synonymous: it's not oppression that makes the elderly vulnerable to covid",elderly,JJ,,,
11811,mg,"bill has a very specific sort of irony-laden aging hipster sensibility, one that is in many ways my own",aging,VBG,,,
11888,mg,"'"" this is so histrionic that it suggests the usually sober economist is in the grips of extremely strong emotions",sober,JJ,,,
11927,mg,"isis' indiscriminate brutality, especially against other muslims, appalled an earlier generation of jihadists; some of al qaeda's original leadership ended up like many other aging, disillusioned radicals, disgusted by the excesses of their progeny",aging,VBG,,,
12063,mg,it's hard to appreciate being well when you're expecting to be ill imminently,expecting,VBG,,,
12098,mg,"in 2013, a peer-reviewed study by national advocates for pregnant women, a reproductive justice organization, found 413 cases from 1973 to 2005 of women arrested or otherwise deprived of liberty because they were accused of endangering or harming their fetuses",deprived,VBN,,,
12135,mg,"recently, on the anniversary of ruth bader ginsburg's death, the american civil liberties union set out to pay tribute to her pro-choice heroism, and ended up making the sort of self-parodic blunder the right salivates over",pro-choice,JJ,,,
12172,mg,yet i think there's a difference between acknowledging that there are men who have children or need abortions -- and expecting the health care system to treat these men with respect -- and speaking as if the burden of reproduction does not overwhelmingly fall on women,expecting,VBG,,,
12216,mg,"""one of the great benefits, and one of the things that's most exciting for the pro-life movement, is that they have a role in enforcing this law,"" john seago, the group's legislative director, told cnn",pro-life,JJ,,,
12263,mg,"on tuesday, the fort worth branch of whole woman's health, a chain of abortion clinics, stayed open late into the night to take care of desperate patients before the law went into effect, completing a last abortion at 11:56 p",late,RB,,,
12295,mg,but now these folks have this whole tool chest full of ways that they can harass them,chest,JJS,,,
12319,mr,"many of us -- perhaps most of us -- know better now, despite the troubled history books we learned from",troubled,JJ,,,
12379,mr,with any luck it will also remind us that such places were not saved from development by accident,accident,NN,,,
12400,mr,"nashville -- god knows i didn't visit the tennessee state museum last week to pay my respects to the bust of nathan bedford forrest, but while i was there i figured i might as well take a look",bust,NN,,,
12427,mr,""" the next month, the giant bust of forrest was removed from the tennessee state capitol, where it has been generating controversy since it was installed in 1978",bust,NN,,,
12488,mr,"forrest's role as a slave trader and ku klux klan leader, among other depredations, is clearly explained in the permanent exhibition, and this historical context is very different from the place of honor the bust occupied in the capitol",bust,NN,,,
12496,mr,dorris died in late 2020,late,JJ,,,
12506,mr,"(disclosure: my first book, ""late migrations,"" won the group's 2020 book award",late,JJ,,,
12529,mr,"black or brown or white, wealthy or struggling, they are troubled to see a sign on a riverbank warning that the fish are contaminated and unsafe to eat",troubled,JJ,,,
12718,mr,"public discourse is so troubled these days, so beset by fury and despair, that surely there's no harm in sharing a little joy",troubled,JJ,,,
12764,mr,""" ""no one is ever going to sit in these uncomfortable chairs,"" my husband said, shoving a bureau from his late aunt down a bit to make room",late,JJ,,,
12795,mr,"we held a beloved father's hand as he left this world, and now we can't just send his prized tool chest off into the void",chest,JJS,,,
12819,mr,""" on the subject of electric vehicles, mitch mcconnell, the republican senator from kentucky, has also experienced a come-to-jesus transformation of late",experienced,VBN,,,
12826,mr,"an elderly dog may have been fed only kibble in all the years of his long life, but he will nevertheless haul his arthritic self to his feet and wander into the kitchen, confident that this time the lasagna sitting on the counter will be his",elderly,JJ,,,
12876,mr,who could be troubled by a blanket made of light,troubled,VBN,,,
12899,mr,"her desk was a small secretary, the furniture equivalent of an arranged marriage between a chest of drawers and a glass-fronted bookcase",chest,NN,,,
12919,mr,"i was not a particularly brave child, but the scary faces never troubled me",troubled,VBN,,,
12938,mr,"sissy gardner, who is the assistant floor manager at parnassus, and who belonged to the late bear, climbed down off the ladder where she was shelving books",late,JJ,,,
12952,mr,"being troubled by works of classic literature is widespread across the american south, most often out of concern that a text might make children uncomfortable, and book bans are dramatically increasing",troubled,VBN,,,
13001,mr,"the new district will meander east through parts of rural wilson county and south through parts of wealthy williamson county, then further south through marshall and maury counties, before turning west to enfold lewis county",wealthy,JJ,,,
13024,mr,"the joe pye weed is in full, glorious bloom; bumblebees embrace it with the urgency of love",weed,NN,,,
13073,mr,"pokeweed seeds are planted by birds, falling to the soil in their droppings",droppings,NNS,,,
13115,mr,"a midsize city on its way to becoming a big city can be all these things at once, of course, especially if it is a midsize city that is growing deliberately, in ways that do not displace its low-income residents or its work force",low-income,JJ,,,
13164,mr,"in the utter failure to understand what ""pro-life"" really means tournament, normally a very close battle in the red states, texas is currently uncontested: its leaders just made it easier to carry a gun and harder to end an unwanted pregnancy in the same week",pro-life,JJ,,,
13250,mr,"we could not stop talking about how happy we would be to sit in a movie theater again, to hear live music again, to go to church and sing out loud again, to sit and talk around a table again, late into the night, with no care for how long we had been breathing the same air",late,RB,,,
13272,mr,it clearly benefits the wealthy for taxes to be low or nonexistent and for poor people to be incurious and compliant,wealthy,NN,,,
13302,mr,one of the cards i got last week featured a vintage photograph of plump women in swimsuits who looked remarkably like me in my swimsuit,plump,JJ,,,
13329,mr,"this is just who i am now, a person who looks exactly like her late mother, despite far more exercise and a far healthier diet",late,JJ,,,
13346,mr,sorrow in the face of aging would be a poor response to such good fortune,aging,VBG,,,
13379,mr,"i fault the pastors and other community leaders for failing to teach their membership about the need to protect the vulnerable -- the elderly and the sick and the babies, for god's sake -- through widespread vaccination of the healthy",elderly,JJ,,,
13444,nk,"wealthy countries would do so much better economically with a global vaccination campaign that curbed the pandemic that they would generate an additional $1 trillion in tax revenue, the i",wealthy,JJ,,,
13481,nk,"when the virus ravages a low-income country, young girls are pulled out of school and are married off",low-income,JJ,,,
13514,nk,the highest return on investment in america today isn't in private equity but in early childhood initiatives for disadvantaged kids of all races,disadvantaged,JJ,,,
13541,nk,"in the late 1990s and early 2000s, boston offered public programs for 4-year-olds but couldn't meet demand, so a lottery was used to determine which children to accept",late,JJ,,,
13586,nk,these initiatives would do for children and families what social security and medicare did for the elderly,elderly,JJ,,,
13625,nk,"the blunt fact is that it is democrats -- including those who run the west coast, from california through oregon to washington state -- who have presided over one of the worst blows to the education of disadvantaged americans in history",disadvantaged,JJ,,,
13643,nk,"rich kids going to private schools glide on through life mostly unaffected, while low-income children often don't even have internet to attend zoom classes",low-income,JJ,,,
13705,nk,"""we have to acknowledge that there is a large percentage of kids that have 'disappeared' -- students who have never logged in, or logged in and never fully engaged,"" said melissa connelly, chief executive of onegoal, a nonprofit that does outstanding work with low-income high school students",low-income,JJ,,,
13711,nk,"likewise, wealthy white americans benefit from single-family zoning laws in the suburbs around those fine ""public"" schools",wealthy,JJ,,,
13738,nk,the effect of this zoning is to freeze out low-income families and keep neighborhoods more segregated,low-income,JJ,,,
13827,nk,other kids wish they could take away an elderly parent's car keys; the joyner kids wish they could take away their dad's megaphone,elderly,JJ,,,
13848,nk,""" the most outspoken is anna jane, who says her father's rhetoric became more extreme in recent years",outspoken,JJ,,,
13874,nk,"soon after, she nearly died in a boating accident -- and the first person she called was her dad",accident,NN,,,
13892,nk,"8 million for onegoal, which helps low-income students in the united states, and $2",low-income,JJ,,,
13919,nk,"tani had one of the fastest rises, for he began playing chess only at the relatively late age of 7",late,JJ,,,
14005,nk,"the late eyad el-sarraj, a prominent psychiatrist in gaza, described this dynamic when i visited him during a past cycle of violence: ""extremists need each other, support each other",late,JJ,,,
14051,nk,consider that it was israel itself that helped nurture hamas back in the late 1980s and the 1990s,late,JJ,,,
14090,nk,", who is just 35, will become king upon the death of his aging father and rule recklessly for many years, creating chaos in the gulf and a rupture in saudi-american relations that would last decades",aging,VBG,,,
14150,nk,"tawakkol karman, a yemeni woman who won the nobel peace prize for her leadership during the arab spring, told me that the world is waiting to see if biden will press regimes to release detainees and uphold women's rights",detainees,NNS,,,
14256,nk,"former house speaker newt gingrich warned on fox news that democrats are trying to ""exterminate the republicans",exterminate,VB,,,
14281,nk,"""both are deprived,"" goldin writes",deprived,VBN,,,
14343,pk,""" if you ask me, greene was performing a public service; we all need some good laughs, especially given the demise of the borscht belt",demise,NN,,,
14383,pk,tax breaks -- essentially giving wealthy people money and hoping that it would trickle down -- became the solution to every problem,wealthy,JJ,,,
14406,pk,"there's overwhelming evidence that helping disadvantaged children makes them much healthier and more productive when they reach adulthood; the benefits are so large that even in a narrowly fiscal sense, aid to children may well pay for itself over the long run",disadvantaged,VBD,,,
14456,pk,"most of what i write, inevitably, focuses on the troubled prospects for our republic",troubled,JJ,,,
14488,pk,"but america is doing especially badly because it isn't a highly vaccinated country: after a strong start, its vaccination drive fell far behind other wealthy nations",wealthy,JJ,,,
14507,pk,so the trump tax cut was just the latest in a long series of giveaways to the wealthy that were sold on false pretenses,wealthy,NN,,,
14532,pk,"we've had more deaths, as a percentage of the population, than any other large, wealthy nation, with the disparity even wider during the omicron wave than it was before",wealthy,JJ,,,
14637,pk,"finally, while republican politicians routinely claim that democrats are anti-american and that democratic proposals are marxist, history tells us that the key elements of the legislation we're probably about to see -- aid to middle-class and poor children together with higher taxes on the wealthy -- are quintessentially american ideas",wealthy,NN,,,
14651,pk,"they also explicitly called for taxes on the wealthy as a way to limit inequality, and in particular to prevent the emergence of a hereditary oligarchy",wealthy,NN,,,
14674,pk,it's been a troubled few months on the economic front,troubled,JJ,,,
14735,pk,"it wasn't even really a proposal for public investment; to a large extent it was an exercise in crony capitalism, a scheme for taxpayer-subsidized private investment that would, like the ""opportunity zones"" that were part of the 2017 tax cut, mainly have ended up showering benefits on wealthy developers",wealthy,NN,,,
14753,pk,"republicans were, of course, opposed to new taxes, especially on corporations and the wealthy; they also claimed to be against additional government borrowing",wealthy,NN,,,
14771,pk,there's overwhelming evidence that children in low-income families who receive financial aid are significantly healthier and more productive than those who didn't once they become adults,low-income,JJ,,,
14804,pk,"that is, covid-19 may have cost fewer jobs than the dot-com bust",bust,NN,,,
14814,pk,with everything else going on -- the likely imminent demise of roe v,demise,NN,,,
14823,pk,the obvious explanation is that wealthy russians have been skimming off large sums and parking them abroad,wealthy,JJ,,,
14846,pk,"still, the determined and so far successful opposition of incredibly wealthy americans to any effort to tax them like normal people raises a couple of questions",wealthy,JJ,,,
14870,pk,"and in case you're wondering, the wealthy didn't manage to dodge all of the taxes being imposed",wealthy,NN,,,
14886,pk,"true, many very wealthy people seem to consider moneymaking a game, in which the goal is to outperform their rivals; but standings in that game wouldn't be affected by a tax all the players have to pay",wealthy,JJ,,,
14927,pk,"does stand out among wealthy countries for having a low minimum wage, for offering very little vacation time and for failing to offer parental and sick leave",wealthy,JJ,,,
14980,rd,"in one of the more arresting videos that circulated after the fall of kabul, a journalist follows a collection of taliban fighters into a hangar containing abandoned, disabled u",disabled,JJ,,,
14984,rd,"we have experienced similar failures, with less bloodshed but more significant strategic consequences, in our recent efforts to americanize potential rivals",experienced,VBN,,,
15025,rd,"as david wallace-wells noted recently for new york magazine, in theory current rates of vaccination, particularly among the elderly, ""should mean that a large share of the country's overall mortality risk has been eliminated",elderly,JJ,,,
15068,rd,"a big push for boosters should have begun once we had reasonable evidence of waning vaccine effectiveness -- which is to say, in late summer or early fall",late,JJ,,,
15097,rd,""" otherwise, both for democrats' political fortunes and for the lives of thousands more americans, the post-covid era may arrive too late",late,JJ,,,
15152,rd,"finally, the vaulting ambitions of cultural progressivism, the march of activist ideas through elite institutions and public bureaucracies, have given republicans a chance to regain the culture-war advantages that they lost during the socially liberal years between bill clinton's impeachment and the supreme court's establishment of a right to same-sex marriage",same-sex,JJ,,,
15160,rd,wade might (depending on the pro-life movement's response) send the public-opinion pendulum swinging back toward social liberalism,pro-life,JJ,,,
15311,rd,"as bad as the coronavirus has been, most people who get it still come out ok, children are especially unlikely to be hospitalized or die, and deaths are concentrated in a population, the elderly in nursing homes, that (to our shame) we already keep somewhat out of mind",elderly,JJ,,,
15332,rd,"whereas if the fatality figures were one-tenth as high, i suspect there would be much more internal liberal debate over the wisdom of the sweeping early response",fatality,NN,,,
15387,rd,"that range is vastly lower than the pandemic death rate, but it's moderately higher than estimates for the seasonal flu and probably high enough to keep case and fatality numbers in the headlines in 2022 and beyond",fatality,NN,,,
15566,rd,"and especially not our aging president's two obvious heirs, kamala harris and pete buttigieg, who built their careers in deep-blue precincts, embodying aspects of elite progressivism that have dubious national appeal",aging,VBG,,,
15668,rd,"but this created a fundamental imbalance in the party's conversation: with the sanders faction trying to pull the party toward social democracy and the establishment acting as if its major challenges were russian bots and nefarious facebook memes, there was hardly anyone left to point out the ways that democrats might be in danger of moving too far left -- and the writers who did so were generally dismissed as dinosaurs",dismissed,VBN,,,
15692,rd,"instead they would imitate the way obama himself, in his first term, tried to finesse issues like immigration and same-sex marriage, sometimes using objectively conservative rhetoric and never getting way out ahead of public opinion",same-sex,JJ,,,
15731,rd,"as this shift was happening, the democrats were moving leftward on most fronts, following public opinion at first (on same-sex marriage, for instance) but then arguably outpacing it",same-sex,NN,,,
15827,rd,"rallying so-called values voters, a christian and churchgoing voting bloc, against secularism, sexual liberation and same-sex marriage",same-sex,JJ,,,
15917,rd,"but in the end the race would be close, there would be some exciting constitutional-crisis possibilities in the aftermath, and if the democrats pulled it out, well, their majorities would be slim and 2026 would be just around the corner",slim,VBN,,,
15995,rd,"but still, there's no question that the current administration's coverage has been pretty grim of late",late,JJ,,,
16043,rd,"forgiving yesterday's student debt is well and good, but i suspect that if you took the billions of dollars of higher-ed money being pondered in the build back better plan and set up a group of national public universities aimed at offering low-cost educations to low-income americans, you would do more good than sluicing it through the system that saddled all those kids with debt in the first place",low-income,JJ,,,
16113,rd,"today, laws modeled on that act are opposed by many liberals, on the grounds that they offer too much protection for religious weirdos -- meaning now not peyote-ingesting oregonians but the christian baker who doesn't want to make a cake for a same-sex wedding",same-sex,JJ,,,
16117,rd,"but by late spring of 2020, the entire dynamic was reversed: liberals supported tough government interventions to fight the virus, the right was full of fierce libertarians, and so it has mostly remained",late,JJ,,,
16220,rd,"but it's also useful to do in-group/out-group analysis, which suggests that conservatives were more willing to support limitations on liberty that fell on foreigners and international travelers -- to them, out-groups -- but balked at restrictions that seemed to fall most heavily on their own in-groups, from the owners of shuttered businesses to the pastors of closed churches to the parents of small children deprived of school",deprived,VBN,,,
16274,sb,"the supreme court late wednesday night took a break from its summer recess to allow the most restrictive abortion law in the nation to take effect in texas, raising alarm among people who support abortion rights -- and even some who don't",late,JJ,,,
16322,sb,there's nothing that rewards being a sober moderate who believes in democracy and tries to govern by consensus,sober,NN,,,
16340,sb,""" some have traced america's troubled relationship with haiti back to its founding as the first nation to permanently abolish slavery -- at the cost of some $28 billion in reparations that french enslavers demanded from haitians in return",troubled,JJ,,,
16381,sb,"""we've got to be sober here about what our infrastructure gap is in terms of a level of investment and go into this eyes wide open, that this is not going to solve our infrastructure problems across the nation,"" he told the associated press",sober,VBN,,,
16430,sb,4 percent have been administered in low-income countries,low-income,JJ,,,
16434,sb,"""for wealthy countries, this strategy means they will be indefinitely chasing their tails in terms of new variants",wealthy,JJ,,,
16454,sb,"these groups experienced a period of relative inactivity, according to a report by the digital forensic research lab at the atlantic council, but have resurfaced in recent months with a focus on local policies and government",experienced,VBD,,,
16519,sb,"to keep global warming below two degrees celsius above preindustrial levels, the limit established by the paris climate accord, the world resource institute says much of the wealthy world needs to cut its beef and lamb consumption by 40 percent -- and that's on the low end of such estimates",wealthy,JJ,,,
16588,sb,"""now, when i do simmer up a pot of beef short ribs (or smear cream cheese on my bagel, or go for sushi), i'm thoughtful and deliberate about it, which makes it taste even more delicious, seasoned with anticipation",seasoned,VBN,,,
16596,sb,"since the three mile island accident in 1979, the construction time for most reactors in the united states has exceeded 10 years, allison macfarlane notes in foreign affairs",accident,NN,,,
16683,sb,"""as long as the disease continues to circulate, even the vaccinated elderly will continue to be vulnerable to some extent,"" he wrote",elderly,RB,,,
16703,sb,"most of those gains accrued to the wealthy -- the soaring stock market caused their fortunes to balloon, further widening wealth inequality -- but low- and middle-income households also saw their savings grow",wealthy,NN,,,
16735,sb,""" yellen, however, dismissed the idea as ""a gimmick,"" equivalent to ""asking the federal reserve to print money to cover deficits that congress is unwilling to cover by issuing debt",dismissed,VBD,,,
16768,sb,"at this late hour, consumption itself has to be curtailed",late,JJ,,,
16798,sb,"even before last year's increase, the united states had some of the highest drug overdose death rates among similarly wealthy nations, with rates more than tripling in the past two decades",wealthy,JJ,,,
16871,sb,the group filed a lawsuit against the government late last month seeking an additional $26,late,RB,,,
16880,sb,"in late 2016 and early 2017, 21 american diplomats stationed in cuba started to report serious and in some cases debilitating neurological symptoms with no ready explanation, including headaches, nausea and hearing loss, brought on, most of them said, by a piercing, high-pitched sound, as though they had been caught in ""an invisible beam of energy",late,JJ,,,
16962,sb,"another statistic that i have never seen anywhere is the number of people who survived covid-19 but are disabled for the short term, the long term or maybe even permanently",disabled,VBN,,,
17008,sb,"krugman blames news organizations -- particularly those antagonistic to the biden administration, like fox news and newsmax -- that ""have been doing all they can to convey the impression of a troubled economy, whatever the reality",troubled,JJ,,,
17027,sb,"""if we have a variant that is antigenically distant and isn't neutralized at a certain level of antibody, there is something we can do: we can boost the overall antibody levels, because sometimes quantity can compensate for the lack of match,"" said wendy barclay, a virologist at imperial college london",neutralized,VBN,,,
17088,sb,"as the times's david leonhardt noted last week, some political scientists believe that democrats overweight the electoral importance of policy and don't talk enough about values",overweight,VBD,,,
17173,sb,"but the burden of proof for such a charge is high: the jury will have to be convinced that the parents, james and jennifer crumbley, were ""aware not just generally that their son was troubled but aware that he would or could do this -- shoot up that school,"" said eve brensike primus, a professor at the university of michigan school of law",troubled,VBN,,,
17224,sb,""" rapid tests can also ease safety concerns for people who are especially vulnerable to covid, like the elderly and the immunocompromised",elderly,JJ,,,
17234,sb,4 percent have been administered in low-income countries,low-income,JJ,,,
17239,sb,"""in most low-income countries, they're really looking at only two shots per 100 people",low-income,JJ,,,
17260,te,"""the difference in support for the pro-choice position was a mere six percentage points,"" alan abramowitz, a political scientist at emory university, told me by email",pro-choice,JJ,,,
17297,te,"""40 percent of democratic identifiers were pro-life, while 39 percent were pro-choice",pro-choice,JJ,,,
17305,te,"among republican identifiers, 33 percent were pro-choice, 45 percent were pro-life and 22 percent were in the middle",pro-choice,JJ,,,
17362,te,"crucially, abramowitz pointed out, opinions on abortion are also closely connected with racial attitudes: some of the scholars and journalists studying the evolving role of abortion in american politics make the case that key leaders of the conservative movement in the late 1970s and early 1980s -- among them richard viguerie, paul weyrich, phyllis schlafly and jerry falwell sr",late,JJ,,,
17446,te,"on one side, opponents of the procedure argue that ""at the moment of fusion of human sperm and egg, a new entity comes into existence which is distinctly human, alive, and an individual organism -- a living, and fully human, being,"" as the center for human dignity puts it in the pamphlet ""the best pro-life arguments for secular audiences",pro-life,JJ,,,
17630,te,""" if, margolis continues: the power of partisanship to influence stands on abortion can be seen on the democratic side by the ""host of democrats who have liberalized their views as they eyed the presidency -- ted kennedy, jesse jackson, dick gephardt, al gore, and dennis kucinich among them"" -- as john murdock wrote in ""the future of the pro-life democrat"" in the journal national affairs",pro-life,JJ,,,
17738,te,""" the first, he notes: the second, he continued, is: the third, in cowie's view, is: darren dochuk, a professor of history at notre dame and the author of ""from bible belt to sunbelt: plain-folk religion, grassroots politics and the rise of evangelical conservatism,"" argued in an email that the strength of the opposition to abortion in the south grows out of the unique tensions in the region between notions of manhood and evangelical attempts to control the sins of men: ""since the late 1970s, however,"" dochuk wrote: this accommodation is driven, according to dochuk, by the fact that the enemy is now, in southern evangelicals' view, ""an effeminate liberalism and its 'secular humanism,'"" which, in turn, means that: in this milieu, dochuk observed: in milder terms, rebecca kreitzer, a professor of public policy at the university of north carolina at chapel hill, and two colleagues argue in ""the evolution of morality policy debate: moralization and demoralization"" that as an issue becomes both polarized and ""moralized,"" it become more difficult, if not impossible, to resolve",late,JJ,,,
17959,te,"6, biden has been able to stress his own historic support for the police as emblematic of his opposition to chaos,"" sherman wrote in an email: biden should take the initiative, sherman argues, with ""a major policing initiative,"" and that initiative should stress ""hot spots policing,"" the focusing of police resources on small sections of urban areas, ""under 5 percent of land in most cities,"" while ""pulling way back on stop and frisk everywhere else, especially suburban traffic stops, like the late sandra bland",late,JJ,,,
17981,te,"on the other hand, if what his voters need is equality -- that is, resource redistribution -- experienced advisers may not be enough",experienced,JJ,,,
18138,te,"jacobs, a professor of psychological and brain sciences at the university of california-santa barbara, argued that all the rights revolutions -- civil rights, women's rights, gay rights -- have been key to the emergence of the contemporary right wing: jane yunhee junn, a professor of political science at the university of southern california, was outspoken in her view: herbert p",outspoken,VBN,,,
18148,te,", abortion and same-sex marriage) was a stronger predictor of meaning in life, whereas conservatism on economic issues (e",same-sex,JJ,,,
18180,te,""" the onraet study did find, however, that ""among the elderly, adhering to right-wing attitudes is associated with higher levels of self-esteem, intrinsic goal pursuit and (a trend toward higher) life satisfaction",elderly,JJ,,,
18219,te,""" of those, ""twenty-six -- fully half of the cases -- experienced a downgrading of their democratic rating",experienced,VBD,,,
18255,te,""" instead, caughey and his co-authors show caughey, dunham and warshaw describe the growing partisan salience of racial and social issues since the 1950s: in the late 1950s, they continue, the three authors argue that there are a number of consequences of ""the ideological nationalization of the united states party system",late,JJ,,,
18495,te,"shelly lundberg, an economics professor at the university of california-santa barbara, cites a range of projects and studies, including the perry preschool project, an intensive program for 3-to-4-year-old low-income children ""that had long-term impacts on test scores, adult crime and male income",low-income,JJ,,,
18568,te,"shapiro, a professor of political economy at brown, wrote: their conclusion is that over the past four decades, ""the united states experienced the most rapid growth in affective polarization among the 12 o",experienced,VBD,,,
18708,te,"entities are becoming more and more efficient in the production of output compared to humans,"" the authors write, because ""human technology to convert consumption goods such as food and housing into future humans has experienced relatively little technological change",experienced,VBN,,,
18779,te,"kloppenberg, a professor of american history at harvard, responded to my inquiry with a broad overview, worth quoting at length: it is just these underpinnings of democracy that trump threatens, especially now: trump's behavior, kloppenberg argues, is the culmination of long-term developments within republican ranks: sean wilentz, a professor of history at princeton, was outspoken: in fact, wilentz warned: wilentz envisaged wilentz and others argue that trump is gearing up to violate a principle of peaceful transition established shortly after the founding of the nation",outspoken,VBN,,,
18848,te,"politics & policy at queen mary university of london, wrote me in an email that the current situation in the united states has key parallels to the end of the reconstruction period in the late nineteenth century",late,JJ,,,
18859,te,"america is embedded in a world that is troubled by insidious parallel variants of the same structural problems -- anti-immigrant fervor, political tribalism, racism, ethnic tension, authoritarianism and inequality -- that led to a right-wing takeover of the federal government by donald trump",troubled,VBN,,,
18938,te,"according to the stanford sociologists michelle jackson and david grusky, there is a common thread to these seemingly disparate developments -- what they call ""the ubiquity of loss"" -- a condition the authors describe as a ""late industrial experience, in short, increasingly one of omnipresent loss and decline",late,JJ,,,
19020,te,""" loss like this, they write, can be the commonality of loss has fostered the emergence of politicians and political strategists whom jackson and grusky call ""norm entrepreneurs"" -- trump, steve bannon, jeremy corbyn, marine le pen, nigel farage -- who the politics of loss have, in turn, empowered the populist right by encouraging the view ""that disadvantaged groups have unfairly benefited from legal protections, egalitarian social movements and government and charitable assistance",disadvantaged,VBD,,,
19114,te,""" daniel esty, a professor of environmental law at yale, described in an email how tribalism, hostility toward outsiders, notably immigrants, and the emergence of what some call ""exclusionary nationalism"" all serve to undermine prospects for global cooperation: in other words, the world's democracies are ill equipped to take on the immediate dangers cited in the annual threat assessment: an additional global development is the simultaneous aging of the populations in developed nations while the share of young people in developing countries rapidly expands",aging,NN,,,
19145,te,"mark haas, a political scientist at duquesne university, argues that ""aging will create powerful forces for international peace on the one hand and increased domestic polarization on the other",aging,VBG,,,
19385,te,"""democratic erosion is subtle and slow, often nearly imperceptible until it's too late,"" robert blair, a political scientist at brown, wrote in an email: blair is decidedly pessimistic about the likelihood that american voters will succeed in opposing the degradation of the system: daniel hopkins, a political scientist at the university of pennsylvania, stressed this point in an email: the low visibility and lack of public understanding of arcane shifts in election law -- for example, the shift of responsibility for determining winners and losers from election officials to state legislatures -- greatly empowers partisan elites",late,JJ,,,
19485,te,that first became evident in the late 1980s-early 1990s,late,JJ,,,
19512,te,"the percentage of adults who disapprove of biden's handling of immigration grew from 39 percent when he took office to 59 percent in late september, according to yougov tracking surveys",late,JJ,,,
19615,te,"education week reported that after the federal courts in 1971 ordered busing to achieve integration: in that respect, charlotte-mecklenburg stood out in a nation where cities like boston and detroit experienced divisive and often violent protest",experienced,VBD,,,
19816,te,suburbs: are diverse suburbs disadvantaged,disadvantaged,VBD,,,
19862,te,","" ankit rastogi, a postdoctoral fellow at the university of pennsylvania's center for the study of ethnicity, race and immigration, challenges ""two assumptions: that people of color are concentrated largely in cities and that communities of color are disadvantaged",disadvantaged,VBN,,,
20007,tf,it is not too late for america to get back into the tpp and even strengthen it by insisting on stricter rules of origin (which trump added to the new nafta),late,JJ,,,
20047,tf,"ever since deng xiaoping opened china to the world in the late 1970s, many in the west wanted to see the country succeed, because we thought china -- despite its brutal authoritarian political structure -- was on a path to a more open economy and society",late,JJ,,,
20095,tf,"in short, the relative peace and prosperity that the world experienced in those 40 years cannot be explained without reference to the u",experienced,VBD,,,
20167,tf,"that's worrying as calmer weather has reduced output from wind turbines, while europe's aging nuclear plants are being phased out or are more prone to outages -- making gas even more necessary",aging,VBG,,,
20195,tf,"sadly, in an overreaction to the fukushima nuclear accident, germany decided in 2011 to phase out all of its nuclear power by 2022 -- nuclear power stations that in the year 2000 generated 29",accident,NN,,,
20335,tf,"kimberly wehle, a professor at the university of baltimore school of law and author of the book ""how to read the constitution -- and why,"" writing in the hill on monday, noted that ""as of late march, state legislators have introduced 361 bills in 47 states this year that contain limitations around voting, a 43 percent increase from just a month earlier",late,JJ,,,
20518,tf,""" after 42 years, some things are clear: iran's ruling clerics cultivate and celebrate conflict with america and israel as an essential tool for locking themselves in power and for keeping their revolutionary guards richly funded and their people under their iron fist, deprived of a real voice in their future or the ability to realize their full potential",deprived,VBN,,,
20592,tf,because without that horizon -- without any viable hope of separating israelis and palestinians into two states for two peoples -- the only outcome left will be one state in which the israeli majority dominates and palestinians in east jerusalem and the west bank will be systematically deprived of equal rights so that israel can preserve its jewish character,deprived,VBN,,,
20632,tf,"just like trump, netanyahu's main political strategy for winning elections has been to foster an intense personality cult and try to gain and hold power with slim majorities by dividing israel along as many lines as possible -- in his case, primarily jews versus arabs, left versus right, religious versus secular and patriots versus traitors",slim,JJ,,,
20668,tf,later will be too late for the country as we know it,late,JJ,,,
20703,tf,"-scale social reform package as ""reconciliation"" and only calling it by its actual substance: universal pre-k, home health care for the sick and elderly, lower prescription drug prices, strengthened obamacare, cleaner energy, green jobs and easier access to college education that begins a long-overdue leveling of the playing field between the wealthy and the working class",elderly,JJ,,,
20780,tf,"according to a new report by protect democracy, law forward and the states united democracy center, ""across the country, state legislators are proposing bills that would give partisan state legislators greater control over elections while hamstringing experienced state and local election administrators who have traditionally run our voting systems",experienced,JJ,,,
20817,tf,"we are all the product of our life experiences, and my first reporting experience was living inside the lebanese civil war in the late 1970s and early 1980s",late,JJ,,,
20832,tf,"on top of stresses from covid-19, iran last summer experienced deadly water riots in its parched southwest -- and its climate is predicted to get hotter and drier",experienced,VBD,,,
20859,tf,"sure, we tell ourselves, we've experienced steadily more extreme weather events in the last seven years (the hottest seven in recorded history)",experienced,VBN,,,
20882,tf,later will be too late,late,JJ,,,
20895,tf,"most americans paid scant attention to the expansion of nato in the late 1990s and early 2000s to countries in eastern and central europe like poland, hungary, the czech republic, latvia, lithuania and estonia, all of which had been part of the former soviet union or its sphere of influence",late,JJ,,,
20940,tf,"after china experienced what it called a ""century of humiliation"" from the west, it responded under deng xiaoping by essentially saying: ""we'll show you",experienced,VBD,,,
21078,zt,"when i first came to this country from turkey as a graduate student in the late 1990s, i was something of an anomaly: an adult foreigner with white skin who was fluent in english but not a native",late,JJ,,,
21124,zt,"there are those who are not yet vaccinated because they haven't managed to navigate the process, or have started late, or are concerned because of bad experiences with the medical establishment",late,RB,,,
21140,zt,"that would be late april or even may -- when there will be plenty of pfizer, moderna and johnson & johnson vaccines for american adults",late,JJ,,,
21183,zt,"vaccine supplies need to be diverted now to where the crisis is the worst, if necessary away from the wealthy countries that have purchased most of the supply",wealthy,JJ,,,
21193,zt,the elderly and health care workers could be prioritized wherever a crisis is worst,elderly,JJ,,,
21210,zt,"this pathogen has one fatality rate when oxygen is available as a therapy and one when it is not, and it would be an unspeakable tragedy to suffer the latter in the second year of the pandemic",fatality,NN,,,
21254,zt,"what's more, people who settled on a preference late were a bit more prone to vote for mr",late,RB,,,
21266,zt,"would the elderly, at great risk from the pandemic, avoid voting",elderly,JJ,,,
21303,zt,this approach is what allowed the airline captain chesley sullenberger to safely land a commercial airplane on the hudson river in 2009 after its engines were disabled,disabled,JJ,,,
21318,zt,"i've found that institutions serving less-advantaged students tend to have less-forgiving policies for late papers, missed exams, casual drug use and so forth, whereas more elite institutions tend to be more forgiving",late,JJ,,,
21399,zt,"turkey has experienced many crises recently, including deadly terrorist attacks, and they usually lead to a closing of information flows, not the government-aligned service provider's making it easier to transmit information",experienced,VBN,,,
21504,zt,"at worst, these fixes are too late",late,JJ,,,
21507,zt,are you troubled when agents of a foreign power pose online as american muslims and post incendiary content that right-wing commentators can cite as evidence that all american muslims are sympathizers of terrorist groups like the islamic state,troubled,JJ,,,
21603,zt,"in addition to doing more to weed out lies and false propaganda, facebook could tweak its algorithm so that it does less to reinforce users' existing beliefs, and more to present factual information",weed,VB,,,
21679,zt,"even if it is too early for conclusive answers, there are already many reasons to think omicron could be a major threat to the elderly",elderly,JJ,,,
21694,zt,"all this means we have to act immediately to ramp up protections for the elderly in nursing homes, assisted living facilities and retirement communities",elderly,JJ,,,
21706,zt,"""elderly people can struggle to mount and maintain effective memory responses, making the presence of neutralizing antibodies, which function to block the virus from efficiently infecting our cells, all the more critical at the moment of exposure,"" andrew croxford, an immunologist based in zurich, explained to me",elderly,JJ,,,
21776,zt,"social support is crucial at every stage of life, and too often we are both late to react to threats, and slow to relax restrictions",late,JJ,,,
21791,zt,"protocols should allow the elderly to interact with one another and with their loved ones, not preemptively cut them off without paying attention to the measures that could keep them safe",elderly,JJ,,,
21822,zt,it is too late to fix everything for this election,late,JJ,,,
21839,zt,"i never do, maybe because i discovered it so late",late,RB,,,
21860,zt,"i had expected some of what i encountered -- i had seen enough movies, and came to this country expecting big cars and big houses and wide open spaces",expecting,VBG,,,
21885,zt,"youtube has recently come under fire for recommending videos promoting the conspiracy theory that the outspoken survivors of the school shooting in parkland, fla",outspoken,JJ,,,
